code;libellé;01/07/2021
BAD1;Non-TIT. / Administrateur
BAD2;Non-TIT. / Administrateur hors classe
BAD3;Non-TIT. / Administrateur général
BAJ1;Non-TIT. / Adjoint administratif
BAJ3;Non-TIT. / Adjoint administratif principal de 2ème classe
BAJ4;Non-TIT. / Adjoint administratif principal de 1ère classe
BAR1;Non-TIT. / Rédacteur
BAR2;Non-TIT. / Rédacteur principal de 2ème classe
BAR3;Non-TIT. / Rédacteur principal de 1ère classe
BAS1;Non-TIT. / Secrétaire de mairie
BAT1;Non-TIT. / Attaché
BAT2;Non-TIT. / Attaché principal
BAT3;Non-TIT. / Directeur territorial
BAT4;Non-TIT. / Attaché hors classe
BAU1;Non-TIT. / Directeur général adjoint des services ou directeur adjoint
BAU2;Non-TIT. / Directeur général des services ou directeur
BAW1;Non-TIT. / Non-titulaire en C.D.I., catégorie C
BAW2;Non-TIT. / Non-titulaire en C.D.I., catégorie B
BAW3;Non-TIT. / Non-titulaire en C.D.I., catégorie A
BAW4;Non-TIT. / Non-titulaire en C.D.I., catégorie A+
BAX1;Non-TIT. / Agent non titulaire sans référence à un cadre d'emplois, cat. C
BAX2;Non-TIT. / Agent non titulaire sans référence à un cadre d'emplois, cat. B
BAX3;Non-TIT. / Agent non titulaire sans référence à un cadre d'emplois, cat. A
BAX4;Non-TIT. / Agent non titulaire sans référence à un cadre d'emplois, cat. A+
BCA1;Non-TIT. / Attaché de conservation du patrimoine
BCA2;Non-TIT. / Attaché principal de conservation du patrimoine
BCB1;Non-TIT. / Bibliothécaire
BCB2;Non-TIT. / Bibliothécaire principal
BCD1;Non-TIT. / Directeur d'établissement d'enseignement artistique de 2ème catégorie
BCD2;Non-TIT. / Directeur d'établissement d'enseignement artistique de 1ère catégorie
BCG1;Non-TIT. / Assistant de conservation
BCG2;Non-TIT. / Assistant de conservation principal de 2ème classe
BCG3;Non-TIT. / Assistant de conservation principal de 1ère classe
BCH1;Non-TIT. / Conservateur
BCH2;Non-TIT. / Conservateur en chef
BCJ1;Non-TIT. / Adjoint territorial du patrimoine
BCJ3;Non-TIT. / Adjoint territorial du patrimoine principal de 2ème classe
BCJ4;Non-TIT. / Adjoint territorial du patrimoine principal de 1ère classe
BCM2;Non-TIT. / Conservateur
BCM3;Non-TIT. / Conservateur en chef
BCP1;Non-TIT. / Professeur d'enseignement artistique de classe normale
BCP2;Non-TIT. / Professeur d'enseignement artistique hors classe
BCS1;Non-TIT. / Assistant d'enseignement artistique
BCS2;Non-TIT. / Assistant d'enseignement artistique principal de 2ème classe
BCS3;Non-TIT. / Assistant d'enseignement artistique principal de 1ère classe
BCW1;Non-TIT. / Non-titulaire en C.D.I., catégorie C
BCW2;Non-TIT. / Non-titulaire en C.D.I., catégorie B
BCW3;Non-TIT. / Non-titulaire en C.D.I., catégorie A
BCW4;Non-TIT. / Non-titulaire en C.D.I., catégorie A+
BCX1;Non-TIT. / Agent non titulaire sans référence à un cadre d'emplois, cat. C
BCX2;Non-TIT. / Agent non titulaire sans référence à un cadre d'emplois, cat. B
BCX3;Non-TIT. / Agent non titulaire sans référence à un cadre d'emplois, cat. A
BCX4;Non-TIT. / Agent non titulaire sans référence à un cadre d'emplois, cat. A+
BEB1;Non-TIT. / Biologiste, vétérinaire et pharmacien de classe normale
BEB2;Non-TIT. / Biologiste, vétérinaire et pharmacien hors classe
BEB3;Non-TIT. / Biologiste, vétérinaire et pharmacien de classe exceptionnelle
BET1;Non-TIT. / Technicien paramédical de classe normale
BET2;Non-TIT. / Technicien paramédical de classe supérieure
BEW1;Non-TIT. / Non-titulaire en C.D.I., catégorie C
BEW2;Non-TIT. / Non-titulaire en C.D.I., catégorie B
BEW3;Non-TIT. / Non-titulaire en C.D.I., catégorie A
BEW4;Non-TIT. / Non-titulaire en C.D.I., catégorie A+
BEX1;Non-TIT. / Agent non titulaire sans référence à un cadre d'emplois, cat. C
BEX2;Non-TIT. / Agent non titulaire sans référence à un cadre d'emplois, cat. B
BEX3;Non-TIT. / Agent non titulaire sans référence à un cadre d'emplois, cat. A
BEX4;Non-TIT. / Agent non titulaire sans référence à un cadre d'emplois, cat. A+
BHC1;Non-TIT. / Collaborateur de cabinet
BHM1;Non-TIT. / Assistante maternelle
BHW1;Non-TIT. / Fonctionnaires ou non titulaires non classables dans une filière
BMB1;Non-TIT. / Moniteur-éducateur et intervenant familial
BMB2;Non-TIT. / Moniteur-éducateur et intervenant familial principal
BMD2;Non-TIT. / Agent spécialisé principal de 2ème classe des écoles maternelles
BMD3;Non-TIT. / Agent spécialisé principal de 1ère classe des écoles maternelles
BME1;Non-TIT. / Educateurs de jeunes enfants de 2nde classe
BME2;Non-TIT. / Educateur de jeunes enfants de 1ère classe
BME3;Non-TIT. / Educateur de jeunes enfants de classe exceptionnelle
BMM1;Non-TIT. / Conseiller socio-éducatif
BMM2;Non-TIT. / Conseiller supérieur socio-éducatif
BMM3;Non-TIT. / Conseiller hors classe socio-éducatif
BMP1;Non-TIT. / Agent social
BMP3;Non-TIT. / Agent social principal de 2ème classe
BMP4;Non-TIT. / Agent social principal de 1ère classe
BMT1;Non-TIT. / Assistant socio-éducatif de 2nde classe
BMT2;Non-TIT. / Assistant socio-éducatif de 1ère classe
BMT3;Non-TIT. / Assistant socio-éducatif de classe exceptionnelle
BMW1;Non-TIT. / Non-titulaire en C.D.I., catégorie C
BMW2;Non-TIT. / Non-titulaire en C.D.I., catégorie B
BMW3;Non-TIT. / Non-titulaire en C.D.I., catégorie A
BMW4;Non-TIT. / Non-titulaire en C.D.I., catégorie A+
BMX1;Non-TIT. / Agent non titulaire sans référence à un cadre d'emplois, cat. C
BMX2;Non-TIT. / Agent non titulaire sans référence à un cadre d'emplois, cat. B
BMX3;Non-TIT. / Agent non titulaire sans référence à un cadre d'emplois, cat. A
BMX4;Non-TIT. / Agent non titulaire sans référence à un cadre d'emplois, cat. A+
BNJ1;Non-TIT. / Adjoint territorial d'animation
BNJ3;Non-TIT. / Adjoint territorial d'animation principal de 2ème classe
BNJ4;Non-TIT. / Adjoint territorial d'animation principal de 1ère classe
BNN1;Non-TIT. / Animateur
BNN2;Non-TIT. / Animateur principal de 2ème classe
BNN3;Non-TIT. / Animateur principal de 1ère classe
BNW1;Non-TIT. / Non-titulaire en C.D.I., catégorie C
BNW2;Non-TIT. / Non-titulaire en C.D.I., catégorie B
BNW3;Non-TIT. / Non-titulaire en C.D.I., catégorie A
BNW4;Non-TIT. / Non-titulaire en C.D.I., catégorie A+
BNX1;Non-TIT. / Agent non titulaire sans référence à un cadre d'emplois, cat. C
BNX2;Non-TIT. / Agent non titulaire sans référence à un cadre d'emplois, cat. B
BNX3;Non-TIT. / Agent non titulaire sans référence à un cadre d'emplois, cat. A
BNX4;Non-TIT. / Agent non titulaire sans référence à un cadre d'emplois, cat. A+
BOA1;Non-TIT. / Cadre de santé
BOB1;Non-TIT. / Infirmier en soins généraux de classe normale
BOB2;Non-TIT. / Infirmier en soins généraux de classe supérieure
BOB3;Non-TIT. / Infirmier en soins généraux hors classe
BOC1;Non-TIT. / Puéricultrice cadre de santé
BOC2;Non-TIT. / Puéricultrice cadre supérieur de santé
BOD1;Non-TIT. / Médecin de 2ème classe
BOD2;Non-TIT. / Médecin de 1ère classe
BOD3;Non-TIT. / Médecin hors classe
BOF1;Non-TIT. / Sage-femme de classe normale
BOF3;Non-TIT. / Sage-femme hors classe
BOG1;Non-TIT. / Cadre de santé de 2ème classe
BOG2;Non-TIT. / Cadre de santé de 1ère classe
BOG3;Non-TIT. / Cadre supérieur de santé
BOH1;Non-TIT. / Psychologue de classe normale
BOH2;Non-TIT. / Psychologue hors classe
BOJ2;Non-TIT. / Auxiliaire de puériculture principal de 2ème classe
BOJ3;Non-TIT. / Auxiliaire de puériculture principal de 1ère classe
BOK2;Non-TIT. / Auxiliaire de soins principal de 2ème classe
BOK3;Non-TIT. / Auxiliaire de soins principal de 1ère classe
BON1;Non-TIT. / Infirmier de classe normale
BON2;Non-TIT. / Infirmier de classe supérieure
BOP1;Non-TIT. / Puéricultrice de classe normale
BOP2;Non-TIT. / Puéricultrice de classe supérieure
BOU1;Non-TIT. / Puéricultrice de classe normale
BOU2;Non-TIT. / Puéricultrice de classe supérieure
BOU3;Non-TIT. / Puéricultrice hors classe
BOW1;Non-TIT. / Non-titulaire en C.D.I., catégorie C
BOW2;Non-TIT. / Non-titulaire en C.D.I., catégorie B
BOW3;Non-TIT. / Non-titulaire en C.D.I., catégorie A
BOW4;Non-TIT. / Non-titulaire en C.D.I., catégorie A+
BOX1;Non-TIT. / Agent non titulaire sans référence à un cadre d'emplois, cat. C
BOX2;Non-TIT. / Agent non titulaire sans référence à un cadre d'emplois, cat. B
BOX3;Non-TIT. / Agent non titulaire sans référence à un cadre d'emplois, cat. A
BOX4;Non-TIT. / Agent non titulaire sans référence à un cadre d'emplois, cat. A+
BPC1;Non-TIT. / Chef de service de police municipale
BPC2;Non-TIT. / Chef de service de police municipale principal de 2ème classe
BPC3;Non-TIT. / Chef de service de police municipale principal de 1ère classe
BPG1;Non-TIT. / Gardien-brigadier
BPG3;Non-TIT. / Brigadier-chef principal
BPG4;Non-TIT. / Chef de police municipale
BPH2;Non-TIT. / Garde-champêtre chef
BPH3;Non-TIT. / Garde-champêtre chef principal
BPU1;Non-TIT. / Directeur de police municipale
BPU2;Non-TIT. / Directeur principal de police municipale
BPW1;Non-TIT. / Non-titulaire en C.D.I., catégorie C
BPW2;Non-TIT. / Non-titulaire en C.D.I., catégorie B
BPW3;Non-TIT. / Non-titulaire en C.D.I., catégorie A
BPW4;Non-TIT. / Non-titulaire en C.D.I., catégorie A+
BPX1;Non-TIT. / Agent non titulaire sans référence à un cadre d'emplois, cat. C
BPX2;Non-TIT. / Agent non titulaire sans référence à un cadre d'emplois, cat. B
BPX3;Non-TIT. / Agent non titulaire sans référence à un cadre d'emplois, cat. A
BPX4;Non-TIT. / Agent non titulaire sans référence à un cadre d'emplois, cat. A+
BRB1;Non-TIT. / Directeur départemental adjoint des services d'incendie et de secours
BRB2;Non-TIT. / Directeur départemental des services d'incendie et de secours
BRC1;Non-TIT. / Capitaine
BRC2;Non-TIT. / Commandant
BRC3;Non-TIT. / Lieutenant-colonel
BRD2;Non-TIT. / Médecin et pharmacien de classe normale
BRD3;Non-TIT. / Médecin et pharmacien hors classe
BRD4;Non-TIT. / Médecin et pharmacien de classe exceptionnelle
BRF1;Non-TIT. / Cadre de santé de sapeurs-pompiers professionnels de 2ème classe
BRF2;Non-TIT. / Cadre de santé de sapeur- pompiers professionnels de 1ere classe
BRF3;Non-TIT. / Cadre supérieur de santé de sapeurs pompiers professionnels
BRG1;Non-TIT. / Infirmier de classe normale
BRG2;Non-TIT. / Infirmier de classe supérieure
BRG3;Non-TIT. / Infirmier hors classe
BRH1;Non-TIT. / Colonel
BRH2;Non-TIT. / Colonel hors classe
BRH3;Non-TIT. / Contrôleur général
BRL1;Non-TIT. / Lieutenant de 2e classe
BRL2;Non-TIT. / Lieutenant de 1re classe
BRL3;Non-TIT. / Lieutenant hors classe
BRS1;Non-TIT. / Sergent
BRS2;Non-TIT. / Adjudant
BRU2;Non-TIT. / Sapeur
BRU3;Non-TIT. / Caporal
BRU4;Non-TIT. / Caporal-chef
BRW1;Non-TIT. / Non-titulaire en C.D.I., catégorie C
BRW2;Non-TIT. / Non-titulaire en C.D.I., catégorie B
BRW3;Non-TIT. / Non-titulaire en C.D.I., catégorie A
BRW4;Non-TIT. / Non-titulaire en C.D.I., catégorie A+
BRX1;Non-TIT. / Agent non titulaire sans référence à un cadre d'emplois, cat. C
BRX2;Non-TIT. / Agent non titulaire sans référence à un cadre d'emplois, cat. B
BRX3;Non-TIT. / Agent non titulaire sans référence à un cadre d'emplois, cat. A
BRX4;Non-TIT. / Agent non titulaire sans référence à un cadre d'emplois, cat. A+
BSC1;Non-TIT. / Conseiller
BSC2;Non-TIT. / Conseiller principal
BSE1;Non-TIT. / Educateur
BSE2;Non-TIT. / Educateur principal de 2ème classe
BSE3;Non-TIT. / Educateur principal de 1ère classe
BSP2;Non-TIT. / Opérateur
BSP3;Non-TIT. / Opérateur qualifié
BSP4;Non-TIT. / Opérateur principal
BSW1;Non-TIT. / Non-titulaire en C.D.I., catégorie C
BSW2;Non-TIT. / Non-titulaire en C.D.I., catégorie B
BSW3;Non-TIT. / Non-titulaire en C.D.I., catégorie A
BSW4;Non-TIT. / Non-titulaire en C.D.I., catégorie A+
BSX1;Non-TIT. / Agent non titulaire sans référence à un cadre d'emplois, cat. C
BSX2;Non-TIT. / Agent non titulaire sans référence à un cadre d'emplois, cat. B
BSX3;Non-TIT. / Agent non titulaire sans référence à un cadre d'emplois, cat. A
BSX4;Non-TIT. / Agent non titulaire sans référence à un cadre d'emplois, cat. A+
BTA2;Non-TIT. / Adjoint technique
BTA3;Non-TIT. / Adjoint technique principal de 2ème classe
BTA4;Non-TIT. / Adjoint technique principal de 1ère classe
BTH1;Non-TIT. / Adjoint technique
BTH3;Non-TIT. / Adjoint technique principal de 2ème classe
BTH4;Non-TIT. / Adjoint technique principal de 1ère classe
BTM1;Non-TIT. / Agent de maîtrise
BTM2;Non-TIT. / Agent de maîtrise principal
BTN1;Non-TIT. / Ingénieur en chef
BTN2;Non-TIT. / Ingénieur en chef hors classe
BTN3;Non-TIT. / Ingénieur général
BTP1;Non-TIT. / Ingénieur
BTP2;Non-TIT. / Ingénieur principal
BTP3;Non-TIT. / Ingénieur hors classe
BTT1;Non-TIT. / Technicien
BTT2;Non-TIT. / Technicien principal de 2ème classe
BTT3;Non-TIT. / Technicien principal de 1ère classe
BTU1;Non-TIT. / Directeur des services techniques
BTU2;Non-TIT. / Directeur général des services techniques
BTW1;Non-TIT. / Non-titulaire en C.D.I., catégorie C
BTW2;Non-TIT. / Non-titulaire en C.D.I., catégorie B
BTW3;Non-TIT. / Non-titulaire en C.D.I., catégorie A
BTW4;Non-TIT. / Non-titulaire en C.D.I., catégorie A+
BTX1;Non-TIT. / Agent non titulaire sans référence à un cadre d'emplois, cat. C
BTX2;Non-TIT. / Agent non titulaire sans référence à un cadre d'emplois, cat. B
BTX3;Non-TIT. / Agent non titulaire sans référence à un cadre d'emplois, cat. A
BTX4;Non-TIT. / Agent non titulaire sans référence à un cadre d'emplois, cat. A+
EAD1;F.P.E. / Administrateur
EAD2;F.P.E. / Administrateur hors classe
EAD3;F.P.E. / Administrateur général
EAJ1;F.P.E. / Adjoint administratif
EAJ3;F.P.E. / Adjoint administratif principal de 2ème classe
EAJ4;F.P.E. / Adjoint administratif principal de 1ère classe
EAR1;F.P.E. / Rédacteur
EAR2;F.P.E. / Rédacteur principal de 2ème classe
EAR3;F.P.E. / Rédacteur principal de 1ère classe
EAS1;F.P.E. / Secrétaire de mairie
EAT1;F.P.E. / Attaché
EAT2;F.P.E. / Attaché principal
EAT3;F.P.E. / Directeur territorial
EAT4;F.P.E. / Attaché hors classe
EAU1;F.P.E. / Directeur général adjoint des services ou directeur adjoint
EAU2;F.P.E. / Directeur général des services ou directeur
EAX1;F.P.E. / Titulaire sur emploi spécifique, catégorie C
EAX2;F.P.E. / Titulaire sur emploi spécifique, catégorie B
EAX3;F.P.E. / Titulaire sur emploi spécifique, catégorie A
EAX4;F.P.E. / Titulaire sur emploi spécifique, catégorie A+
EAY1;F.P.E. / Titulaire à temps non complet - de 17h30, catégorie C
EAY2;F.P.E. / Titulaire à temps non complet - de 17h30, catégorie B
EAY3;F.P.E. / Titulaire à temps non complet - de 17h30, catégorie A
EAY4;F.P.E. / Titulaire à temps non complet - de 17h30, catégorie A+
ECA1;F.P.E. / Attaché de conservation du patrimoine
ECA2;F.P.E. / Attaché principal de conservation du patrimoine
ECB1;F.P.E. / Bibliothécaire
ECB2;F.P.E. / Bibliothécaire principal
ECD1;F.P.E. / Directeur d'établissement d'enseignement artistique de 2ème catégorie
ECD2;F.P.E. / Directeur d'établissement d'enseignement artistique de 1ère catégorie
ECG1;F.P.E. / Assistant de conservation
ECG2;F.P.E. / Assistant de conservation principal de 2ème classe
ECG3;F.P.E. / Assistant de conservation principal de 1ère classe
ECH1;F.P.E. / Conservateur
ECH2;F.P.E. / Conservateur en chef
ECJ1;F.P.E. / Adjoint territorial du patrimoine
ECJ3;F.P.E. / Adjoint territorial du patrimoine principal de 2ème classe
ECJ4;F.P.E. / Adjoint territorial du patrimoine principal de 1ère classe
ECM2;F.P.E. / Conservateur
ECM3;F.P.E. / Conservateur en chef
ECP1;F.P.E. / Professeur d'enseignement artistique de classe normale
ECP2;F.P.E. / Professeur d'enseignement artistique hors classe
ECS1;F.P.E. / Assistant d'enseignement artistique
ECS2;F.P.E. / Assistant d'enseignement artistique principal de 2ème classe
ECS3;F.P.E. / Assistant d'enseignement artistique principal de 1ère classe
ECX1;F.P.E. / Titulaire sur emploi spécifique, catégorie C
ECX2;F.P.E. / Titulaire sur emploi spécifique, catégorie B
ECX3;F.P.E. / Titulaire sur emploi spécifique, catégorie A
ECX4;F.P.E. / Titulaire sur emploi spécifique, catégorie A+
ECY1;F.P.E. / Titulaire à temps non complet - de 17h30, catégorie C
ECY2;F.P.E. / Titulaire à temps non complet - de 17h30, catégorie B
ECY3;F.P.E. / Titulaire à temps non complet - de 17h30, catégorie A
ECY4;F.P.E. / Titulaire à temps non complet - de 17h30, catégorie A+
EEB1;F.P.E. / Biologiste, vétérinaire et pharmacien de classe normale
EEB2;F.P.E. / Biologiste, vétérinaire et pharmacien hors classe
EEB3;F.P.E. / Biologiste, vétérinaire et pharmacien de classe exceptionnelle
EET1;F.P.E. / Technicien paramédical de classe normale
EET2;F.P.E. / Technicien paramédical de classe supérieure
EEX1;F.P.E. / Titulaire sur emploi spécifique, catégorie C
EEX2;F.P.E. / Titulaire sur emploi spécifique, catégorie B
EEX3;F.P.E. / Titulaire sur emploi spécifique, catégorie A
EEX4;F.P.E. / Titulaire sur emploi spécifique, catégorie A+
EEY1;F.P.E. / Titulaire à temps non complet - de 17h30, catégorie C
EEY2;F.P.E. / Titulaire à temps non complet - de 17h30, catégorie B
EEY3;F.P.E. / Titulaire à temps non complet - de 17h30, catégorie A
EEY4;F.P.E. / Titulaire à temps non complet - de 17h30, catégorie A+
EHC1;F.P.E. / Collaborateur de cabinet
EHW1;F.P.E. / Fonctionnaires ou non titulaires non classables dans une filière
EMB1;F.P.E. / Moniteur-éducateur et intervenant familial
EMB2;F.P.E. / Moniteur-éducateur et intervenant familial principal
EMD2;F.P.E. / Agent spécialisé principal de 2ème classe des écoles maternelles
EMD3;F.P.E. / Agent spécialisé principal de 1ère classe des écoles maternelles
EME1;F.P.E. / Educateurs de jeunes enfants de 2nde classe
EME2;F.P.E. / Educateur de jeunes enfants de 1ère classe
EME3;F.P.E. / Educateur de jeunes enfants de classe exceptionnelle
EMM1;F.P.E. / Conseiller socio-éducatif
EMM2;F.P.E. / Conseiller supérieur socio-éducatif
EMM3;F.P.E. / Conseiller hors classe socio-éducatif
EMP1;F.P.E. / Agent social
EMP3;F.P.E. / Agent social principal de 2ème classe
EMP4;F.P.E. / Agent social principal de 1ère classe
EMT1;F.P.E. / Assistant socio-éducatif de 2nde classe
EMT2;F.P.E. / Assistant socio-éducatif de 1ère classe
EMT3;F.P.E. / Assistant socio-éducatif de classe exceptionnelle
EMX1;F.P.E. / Titulaire sur emploi spécifique, catégorie C
EMX2;F.P.E. / Titulaire sur emploi spécifique, catégorie B
EMX3;F.P.E. / Titulaire sur emploi spécifique, catégorie A
EMX4;F.P.E. / Titulaire sur emploi spécifique, catégorie A+
EMY1;F.P.E. / Titulaire à temps non complet - de 17h30, catégorie C
EMY2;F.P.E. / Titulaire à temps non complet - de 17h30, catégorie B
EMY3;F.P.E. / Titulaire à temps non complet - de 17h30, catégorie A
EMY4;F.P.E. / Titulaire à temps non complet - de 17h30, catégorie A+
ENJ1;F.P.E. / Adjoint territorial d'animation
ENJ3;F.P.E. / Adjoint territorial d'animation principal de 2ème classe
ENJ4;F.P.E. / Adjoint territorial d'animation principal de 1ère classe
ENN1;F.P.E. / Animateur
ENN2;F.P.E. / Animateur principal de 2ème classe
ENN3;F.P.E. / Animateur principal de 1ère classe
ENX1;F.P.E. / Titulaire sur emploi spécifique, catégorie C
ENX2;F.P.E. / Titulaire sur emploi spécifique, catégorie B
ENX3;F.P.E. / Titulaire sur emploi spécifique, catégorie A
ENX4;F.P.E. / Titulaire sur emploi spécifique, catégorie A+
ENY1;F.P.E. / Titulaire à temps non complet - de 17h30, catégorie C
ENY2;F.P.E. / Titulaire à temps non complet - de 17h30, catégorie B
ENY3;F.P.E. / Titulaire à temps non complet - de 17h30, catégorie A
ENY4;F.P.E. / Titulaire à temps non complet - de 17h30, catégorie A+
EOA1;F.P.E. / Cadre de santé
EOB1;F.P.E. / Infirmier en soins généraux de classe normale
EOB2;F.P.E. / Infirmier en soins généraux de classe supérieure
EOB3;F.P.E. / Infirmier en soins généraux hors classe
EOC1;F.P.E. / Puéricultrice cadre de santé
EOC2;F.P.E. / Puéricultrice cadre supérieur de santé
EOD1;F.P.E. / Médecin de 2ème classe
EOD2;F.P.E. / Médecin de 1ère classe
EOD3;F.P.E. / Médecin hors classe
EOF1;F.P.E. / Sage-femme de classe normale
EOF3;F.P.E. / Sage-femme hors classe
EOG1;F.P.E. / Cadre de santé de 2ème classe
EOG2;F.P.E. / Cadre de santé de 1ère classe
EOG3;F.P.E. / Cadre supérieur de santé
EOH1;F.P.E. / Psychologue de classe normale
EOH2;F.P.E. / Psychologue hors classe
EOJ2;F.P.E. / Auxiliaire de puériculture principal de 2ème classe
EOJ3;F.P.E. / Auxiliaire de puériculture principal de 1ère classe
EOK2;F.P.E. / Auxiliaire de soins principal de 2ème classe
EOK3;F.P.E. / Auxiliaire de soins principal de 1ère classe
EON1;F.P.E. / Infirmier de classe normale
EON2;F.P.E. / Infirmier de classe supérieure
EOP1;F.P.E. / Puéricultrice de classe normale
EOP2;F.P.E. / Puéricultrice de classe supérieure
EOU1;F.P.E. / Puéricultrice de classe normale
EOU2;F.P.E. / Puéricultrice de classe supérieure
EOU3;F.P.E. / Puéricultrice hors classe
EOX1;F.P.E. / Titulaire sur emploi spécifique, catégorie C
EOX2;F.P.E. / Titulaire sur emploi spécifique, catégorie B
EOX3;F.P.E. / Titulaire sur emploi spécifique, catégorie A
EOX4;F.P.E. / Titulaire sur emploi spécifique, catégorie A+
EOY1;F.P.E. / Titulaire à temps non complet - de 17h30, catégorie C
EOY2;F.P.E. / Titulaire à temps non complet - de 17h30, catégorie B
EOY3;F.P.E. / Titulaire à temps non complet - de 17h30, catégorie A
EOY4;F.P.E. / Titulaire à temps non complet - de 17h30, catégorie A+
EPC1;F.P.E. / Chef de service de police municipale
EPC2;F.P.E. / Chef de service de police municipale principal de 2ème classe
EPC3;F.P.E. / Chef de service de police municipale principal de 1ère classe
EPG1;F.P.E. / Gardien-brigadier
EPG3;F.P.E. / Brigadier-chef principal
EPG4;F.P.E. / Chef de police municipale
EPH2;F.P.E. / Garde-champêtre chef
EPH3;F.P.E. / Garde-champêtre chef principal
EPU1;F.P.E. / Directeur de police municipale
EPU2;F.P.E. / Directeur principal de police municipale
EPX1;F.P.E. / Titulaire sur emploi spécifique, catégorie C
EPX2;F.P.E. / Titulaire sur emploi spécifique, catégorie B
EPX3;F.P.E. / Titulaire sur emploi spécifique, catégorie A
EPX4;F.P.E. / Titulaire sur emploi spécifique, catégorie A+
EPY1;F.P.E. / Titulaire à temps non complet - de 17h30, catégorie C
EPY2;F.P.E. / Titulaire à temps non complet - de 17h30, catégorie B
EPY3;F.P.E. / Titulaire à temps non complet - de 17h30, catégorie A
EPY4;F.P.E. / Titulaire à temps non complet - de 17h30, catégorie A+
ERB1;F.P.E. / Directeur départemental adjoint des services d'incendie et de secours
ERB2;F.P.E. / Directeur départemental des services d'incendie et de secours
ERC1;F.P.E. / Capitaine
ERC2;F.P.E. / Commandant
ERC3;F.P.E. / Lieutenant-colonel
ERD2;F.P.E. / Médecin et pharmacien de classe normale
ERD3;F.P.E. / Médecin et pharmacien hors classe
ERD4;F.P.E. / Médecin et pharmacien de classe exceptionnelle
ERF1;F.P.E. / Cadre de santé de sapeurs-pompiers professionnels de 2ème classe
ERF2;F.P.E. / Cadre de santé de sapeur- pompiers professionnels de 1ere classe
ERF3;F.P.E. / Cadre supérieur de santé de sapeurs pompiers professionnels
ERG1;F.P.E. / Infirmier de classe normale
ERG2;F.P.E. / Infirmier de classe supérieure
ERG3;F.P.E. / Infirmier hors classe
ERH1;F.P.E. / Colonel
ERH2;F.P.E. / Colonel hors classe
ERH3;F.P.E. / Contrôleur général
ERL1;F.P.E. / Lieutenant de 2e classe
ERL2;F.P.E. / Lieutenant de 1re classe
ERL3;F.P.E. / Lieutenant hors classe
ERS1;F.P.E. / Sergent
ERS2;F.P.E. / Adjudant
ERU2;F.P.E. / Sapeur
ERU3;F.P.E. / Caporal
ERU4;F.P.E. / Caporal-chef
ERX1;F.P.E. / Titulaire sur emploi spécifique, catégorie C
ERX2;F.P.E. / Titulaire sur emploi spécifique, catégorie B
ERX3;F.P.E. / Titulaire sur emploi spécifique, catégorie A
ERX4;F.P.E. / Titulaire sur emploi spécifique, catégorie A+
ERY1;F.P.E. / Titulaire à temps non complet - de 17h30, catégorie C
ERY2;F.P.E. / Titulaire à temps non complet - de 17h30, catégorie B
ERY3;F.P.E. / Titulaire à temps non complet - de 17h30, catégorie A
ERY4;F.P.E. / Titulaire à temps non complet - de 17h30, catégorie A+
ESC1;F.P.E. / Conseiller
ESC2;F.P.E. / Conseiller principal
ESE1;F.P.E. / Educateur
ESE2;F.P.E. / Educateur principal de 2ème classe
ESE3;F.P.E. / Educateur principal de 1ère classe
ESP2;F.P.E. / Opérateur
ESP3;F.P.E. / Opérateur qualifié
ESP4;F.P.E. / Opérateur principal
ESX1;F.P.E. / Titulaire sur emploi spécifique, catégorie C
ESX2;F.P.E. / Titulaire sur emploi spécifique, catégorie B
ESX3;F.P.E. / Titulaire sur emploi spécifique, catégorie A
ESX4;F.P.E. / Titulaire sur emploi spécifique, catégorie A+
ESY1;F.P.E. / Titulaire à temps non complet - de 17h30, catégorie C
ESY2;F.P.E. / Titulaire à temps non complet - de 17h30, catégorie B
ESY3;F.P.E. / Titulaire à temps non complet - de 17h30, catégorie A
ESY4;F.P.E. / Titulaire à temps non complet - de 17h30, catégorie A+
ETA2;F.P.E. / Adjoint technique
ETA3;F.P.E. / Adjoint technique principal de 2ème classe
ETA4;F.P.E. / Adjoint technique principal de 1ère classe
ETH1;F.P.E. / Adjoint technique
ETH3;F.P.E. / Adjoint technique principal de 2ème classe
ETH4;F.P.E. / Adjoint technique principal de 1ère classe
ETM1;F.P.E. / Agent de maîtrise
ETM2;F.P.E. / Agent de maîtrise principal
ETN1;F.P.E. / Ingénieur en chef
ETN2;F.P.E. / Ingénieur en chef hors classe
ETN3;F.P.E. / Ingénieur général
ETP1;F.P.E. / Ingénieur
ETP2;F.P.E. / Ingénieur principal
ETP3;F.P.E. / Ingénieur hors classe
ETT1;F.P.E. / Technicien
ETT2;F.P.E. / Technicien principal de 2ème classe
ETT3;F.P.E. / Technicien principal de 1ère classe
ETU1;F.P.E. / Directeur des services techniques
ETU2;F.P.E. / Directeur général des services techniques
ETX1;F.P.E. / Titulaire sur emploi spécifique, catégorie C
ETX2;F.P.E. / Titulaire sur emploi spécifique, catégorie B
ETX3;F.P.E. / Titulaire sur emploi spécifique, catégorie A
ETX4;F.P.E. / Titulaire sur emploi spécifique, catégorie A+
ETY1;F.P.E. / Titulaire à temps non complet - de 17h30, catégorie C
ETY2;F.P.E. / Titulaire à temps non complet - de 17h30, catégorie B
ETY3;F.P.E. / Titulaire à temps non complet - de 17h30, catégorie A
ETY4;F.P.E. / Titulaire à temps non complet - de 17h30, catégorie A+
HAD1;F.P.H. / Administrateur
HAD2;F.P.H. / Administrateur hors classe
HAD3;F.P.H. / Administrateur général
HAJ1;F.P.H. / Adjoint administratif
HAJ3;F.P.H. / Adjoint administratif principal de 2ème classe
HAJ4;F.P.H. / Adjoint administratif principal de 1ère classe
HAR1;F.P.H. / Rédacteur
HAR2;F.P.H. / Rédacteur principal de 2ème classe
HAR3;F.P.H. / Rédacteur principal de 1ère classe
HAS1;F.P.H. / Secrétaire de mairie
HAT1;F.P.H. / Attaché
HAT2;F.P.H. / Attaché principal
HAT3;F.P.H. / Directeur territorial
HAT4;F.P.H. / Attaché hors classe
HAU1;F.P.H. / Directeur général adjoint des services ou directeur adjoint
HAU2;F.P.H. / Directeur général des services ou directeur
HAX1;F.P.H. / Titulaire sur emploi spécifique, catégorie C
HAX2;F.P.H. / Titulaire sur emploi spécifique, catégorie B
HAX3;F.P.H. / Titulaire sur emploi spécifique, catégorie A
HAX4;F.P.H. / Titulaire sur emploi spécifique, catégorie A+
HAY1;F.P.H. / Titulaire à temps non complet - de 17h30, catégorie C
HAY2;F.P.H. / Titulaire à temps non complet - de 17h30, catégorie B
HAY3;F.P.H. / Titulaire à temps non complet - de 17h30, catégorie A
HAY4;F.P.H. / Titulaire à temps non complet - de 17h30, catégorie A+
HCA1;F.P.H. / Attaché de conservation du patrimoine
HCA2;F.P.H. / Attaché principal de conservation du patrimoine
HCB1;F.P.H. / Bibliothécaire
HCB2;F.P.H. / Bibliothécaire principal
HCD1;F.P.H. / Directeur d'établissement d'enseignement artistique de 2ème catégorie
HCD2;F.P.H. / Directeur d'établissement d'enseignement artistique de 1ère catégorie
HCG1;F.P.H. / Assistant de conservation
HCG2;F.P.H. / Assistant de conservation principal de 2ème classe
HCG3;F.P.H. / Assistant de conservation principal de 1ère classe
HCH1;F.P.H. / Conservateur
HCH2;F.P.H. / Conservateur en chef
HCJ1;F.P.H. / Adjoint territorial du patrimoine
HCJ3;F.P.H. / Adjoint territorial du patrimoine principal de 2ème classe
HCJ4;F.P.H. / Adjoint territorial du patrimoine principal de 1ère classe
HCM2;F.P.H. / Conservateur
HCM3;F.P.H. / Conservateur en chef
HCP1;F.P.H. / Professeur d'enseignement artistique de classe normale
HCP2;F.P.H. / Professeur d'enseignement artistique hors classe
HCS1;F.P.H. / Assistant d'enseignement artistique
HCS2;F.P.H. / Assistant d'enseignement artistique principal de 2ème classe
HCS3;F.P.H. / Assistant d'enseignement artistique principal de 1ère classe
HCX1;F.P.H. / Titulaire sur emploi spécifique, catégorie C
HCX2;F.P.H. / Titulaire sur emploi spécifique, catégorie B
HCX3;F.P.H. / Titulaire sur emploi spécifique, catégorie A
HCX4;F.P.H. / Titulaire sur emploi spécifique, catégorie A+
HCY1;F.P.H. / Titulaire à temps non complet - de 17h30, catégorie C
HCY2;F.P.H. / Titulaire à temps non complet - de 17h30, catégorie B
HCY3;F.P.H. / Titulaire à temps non complet - de 17h30, catégorie A
HCY4;F.P.H. / Titulaire à temps non complet - de 17h30, catégorie A+
HEB1;F.P.H. / Biologiste, vétérinaire et pharmacien de classe normale
HEB2;F.P.H. / Biologiste, vétérinaire et pharmacien hors classe
HEB3;F.P.H. / Biologiste, vétérinaire et pharmacien de classe exceptionnelle
HET1;F.P.H. / Technicien paramédical de classe normale
HET2;F.P.H. / Technicien paramédical de classe supérieure
HEX1;F.P.H. / Titulaire sur emploi spécifique, catégorie C
HEX2;F.P.H. / Titulaire sur emploi spécifique, catégorie B
HEX3;F.P.H. / Titulaire sur emploi spécifique, catégorie A
HEX4;F.P.H. / Titulaire sur emploi spécifique, catégorie A+
HEY1;F.P.H. / Titulaire à temps non complet - de 17h30, catégorie C
HEY2;F.P.H. / Titulaire à temps non complet - de 17h30, catégorie B
HEY3;F.P.H. / Titulaire à temps non complet - de 17h30, catégorie A
HEY4;F.P.H. / Titulaire à temps non complet - de 17h30, catégorie A+
HHC1;F.P.H. / Collaborateur de cabinet
HHW1;F.P.H. / Fonctionnaires ou non titulaires non classables dans une filière
HMB1;F.P.H. / Moniteur-éducateur et intervenant familial
HMB2;F.P.H. / Moniteur-éducateur et intervenant familial principal
HMD2;F.P.H. / Agent spécialisé principal de 2ème classe des écoles maternelles
HMD3;F.P.H. / Agent spécialisé principal de 1ère classe des écoles maternelles
HME1;F.P.H. / Educateurs de jeunes enfants de 2nde classe
HME2;F.P.H. / Educateur de jeunes enfants de 1ère classe
HME3;F.P.H. / Educateur de jeunes enfants de classe exceptionnelle
HMM1;F.P.H. / Conseiller socio-éducatif
HMM2;F.P.H. / Conseiller supérieur socio-éducatif
HMM3;F.P.H. / Conseiller hors classe socio-éducatif
HMP1;F.P.H. / Agent social
HMP3;F.P.H. / Agent social principal de 2ème classe
HMP4;F.P.H. / Agent social principal de 1ère classe
HMT1;F.P.H. / Assistant socio-éducatif de 2nde classe
HMT2;F.P.H. / Assistant socio-éducatif de 1ère classe
HMT3;F.P.H. / Assistant socio-éducatif de classe exceptionnelle
HMX1;F.P.H. / Titulaire sur emploi spécifique, catégorie C
HMX2;F.P.H. / Titulaire sur emploi spécifique, catégorie B
HMX3;F.P.H. / Titulaire sur emploi spécifique, catégorie A
HMX4;F.P.H. / Titulaire sur emploi spécifique, catégorie A+
HMY1;F.P.H. / Titulaire à temps non complet - de 17h30, catégorie C
HMY2;F.P.H. / Titulaire à temps non complet - de 17h30, catégorie B
HMY3;F.P.H. / Titulaire à temps non complet - de 17h30, catégorie A
HMY4;F.P.H. / Titulaire à temps non complet - de 17h30, catégorie A+
HNJ1;F.P.H. / Adjoint territorial d'animation
HNJ3;F.P.H. / Adjoint territorial d'animation principal de 2ème classe
HNJ4;F.P.H. / Adjoint territorial d'animation principal de 1ère classe
HNN1;F.P.H. / Animateur
HNN2;F.P.H. / Animateur principal de 2ème classe
HNN3;F.P.H. / Animateur principal de 1ère classe
HNX1;F.P.H. / Titulaire sur emploi spécifique, catégorie C
HNX2;F.P.H. / Titulaire sur emploi spécifique, catégorie B
HNX3;F.P.H. / Titulaire sur emploi spécifique, catégorie A
HNX4;F.P.H. / Titulaire sur emploi spécifique, catégorie A+
HNY1;F.P.H. / Titulaire à temps non complet - de 17h30, catégorie C
HNY2;F.P.H. / Titulaire à temps non complet - de 17h30, catégorie B
HNY3;F.P.H. / Titulaire à temps non complet - de 17h30, catégorie A
HNY4;F.P.H. / Titulaire à temps non complet - de 17h30, catégorie A+
HOA1;F.P.H. / Cadre de santé
HOB1;F.P.H. / Infirmier en soins généraux de classe normale
HOB2;F.P.H. / Infirmier en soins généraux de classe supérieure
HOB3;F.P.H. / Infirmier en soins généraux hors classe
HOC1;F.P.H. / Puéricultrice cadre de santé
HOC2;F.P.H. / Puéricultrice cadre supérieur de santé
HOD1;F.P.H. / Médecin de 2ème classe
HOD2;F.P.H. / Médecin de 1ère classe
HOD3;F.P.H. / Médecin hors classe
HOF1;F.P.H. / Sage-femme de classe normale
HOF3;F.P.H. / Sage-femme hors classe
HOG1;F.P.H. / Cadre de santé de 2ème classe
HOG2;F.P.H. / Cadre de santé de 1ère classe
HOG3;F.P.H. / Cadre supérieur de santé
HOH1;F.P.H. / Psychologue de classe normale
HOH2;F.P.H. / Psychologue hors classe
HOJ2;F.P.H. / Auxiliaire de puériculture principal de 2ème classe
HOJ3;F.P.H. / Auxiliaire de puériculture principal de 1ère classe
HOK2;F.P.H. / Auxiliaire de soins principal de 2ème classe
HOK3;F.P.H. / Auxiliaire de soins principal de 1ère classe
HON1;F.P.H. / Infirmier de classe normale
HON2;F.P.H. / Infirmier de classe supérieure
HOP1;F.P.H. / Puéricultrice de classe normale
HOP2;F.P.H. / Puéricultrice de classe supérieure
HOU1;F.P.H. / Puéricultrice de classe normale
HOU2;F.P.H. / Puéricultrice de classe supérieure
HOU3;F.P.H. / Puéricultrice hors classe
HOX1;F.P.H. / Titulaire sur emploi spécifique, catégorie C
HOX2;F.P.H. / Titulaire sur emploi spécifique, catégorie B
HOX3;F.P.H. / Titulaire sur emploi spécifique, catégorie A
HOX4;F.P.H. / Titulaire sur emploi spécifique, catégorie A+
HOY1;F.P.H. / Titulaire à temps non complet - de 17h30, catégorie C
HOY2;F.P.H. / Titulaire à temps non complet - de 17h30, catégorie B
HOY3;F.P.H. / Titulaire à temps non complet - de 17h30, catégorie A
HOY4;F.P.H. / Titulaire à temps non complet - de 17h30, catégorie A+
HPC1;F.P.H. / Chef de service de police municipale
HPC2;F.P.H. / Chef de service de police municipale principal de 2ème classe
HPC3;F.P.H. / Chef de service de police municipale principal de 1ère classe
HPG1;F.P.H. / Gardien-brigadier
HPG3;F.P.H. / Brigadier-chef principal
HPG4;F.P.H. / Chef de police municipale
HPH2;F.P.H. / Garde-champêtre chef
HPH3;F.P.H. / Garde-champêtre chef principal
HPU1;F.P.H. / Directeur de police municipale
HPU2;F.P.H. / Directeur principal de police municipale
HPX1;F.P.H. / Titulaire sur emploi spécifique, catégorie C
HPX2;F.P.H. / Titulaire sur emploi spécifique, catégorie B
HPX3;F.P.H. / Titulaire sur emploi spécifique, catégorie A
HPX4;F.P.H. / Titulaire sur emploi spécifique, catégorie A+
HPY1;F.P.H. / Titulaire à temps non complet - de 17h30, catégorie C
HPY2;F.P.H. / Titulaire à temps non complet - de 17h30, catégorie B
HPY3;F.P.H. / Titulaire à temps non complet - de 17h30, catégorie A
HPY4;F.P.H. / Titulaire à temps non complet - de 17h30, catégorie A+
HRB1;F.P.H. / Directeur départemental adjoint des services d'incendie et de secours
HRB2;F.P.H. / Directeur départemental des services d'incendie et de secours
HRC1;F.P.H. / Capitaine
HRC2;F.P.H. / Commandant
HRC3;F.P.H. / Lieutenant-colonel
HRD2;F.P.H. / Médecin et pharmacien de classe normale
HRD3;F.P.H. / Médecin et pharmacien hors classe
HRD4;F.P.H. / Médecin et pharmacien de classe exceptionnelle
HRF1;F.P.H. / Cadre de santé de sapeurs-pompiers professionnels de 2ème classe
HRF2;F.P.H. / Cadre de santé de sapeur- pompiers professionnels de 1ere classe
HRF3;F.P.H. / Cadre supérieur de santé de sapeurs pompiers professionnels
HRG1;F.P.H. / Infirmier de classe normale
HRG2;F.P.H. / Infirmier de classe supérieure
HRG3;F.P.H. / Infirmier hors classe
HRH1;F.P.H. / Colonel
HRH2;F.P.H. / Colonel hors classe
HRH3;F.P.H. / Contrôleur général
HRL1;F.P.H. / Lieutenant de 2e classe
HRL2;F.P.H. / Lieutenant de 1re classe
HRL3;F.P.H. / Lieutenant hors classe
HRS1;F.P.H. / Sergent
HRS2;F.P.H. / Adjudant
HRU2;F.P.H. / Sapeur
HRU3;F.P.H. / Caporal
HRU4;F.P.H. / Caporal-chef
HRX1;F.P.H. / Titulaire sur emploi spécifique, catégorie C
HRX2;F.P.H. / Titulaire sur emploi spécifique, catégorie B
HRX3;F.P.H. / Titulaire sur emploi spécifique, catégorie A
HRX4;F.P.H. / Titulaire sur emploi spécifique, catégorie A+
HRY1;F.P.H. / Titulaire à temps non complet - de 17h30, catégorie C
HRY2;F.P.H. / Titulaire à temps non complet - de 17h30, catégorie B
HRY3;F.P.H. / Titulaire à temps non complet - de 17h30, catégorie A
HRY4;F.P.H. / Titulaire à temps non complet - de 17h30, catégorie A+
HSC1;F.P.H. / Conseiller
HSC2;F.P.H. / Conseiller principal
HSE1;F.P.H. / Educateur
HSE2;F.P.H. / Educateur principal de 2ème classe
HSE3;F.P.H. / Educateur principal de 1ère classe
HSP2;F.P.H. / Opérateur
HSP3;F.P.H. / Opérateur qualifié
HSP4;F.P.H. / Opérateur principal
HSX1;F.P.H. / Titulaire sur emploi spécifique, catégorie C
HSX2;F.P.H. / Titulaire sur emploi spécifique, catégorie B
HSX3;F.P.H. / Titulaire sur emploi spécifique, catégorie A
HSX4;F.P.H. / Titulaire sur emploi spécifique, catégorie A+
HSY1;F.P.H. / Titulaire à temps non complet - de 17h30, catégorie C
HSY2;F.P.H. / Titulaire à temps non complet - de 17h30, catégorie B
HSY3;F.P.H. / Titulaire à temps non complet - de 17h30, catégorie A
HSY4;F.P.H. / Titulaire à temps non complet - de 17h30, catégorie A+
HTA2;F.P.H. / Adjoint technique
HTA3;F.P.H. / Adjoint technique principal de 2ème classe
HTA4;F.P.H. / Adjoint technique principal de 1ère classe
HTH1;F.P.H. / Adjoint technique
HTH3;F.P.H. / Adjoint technique principal de 2ème classe
HTH4;F.P.H. / Adjoint technique principal de 1ère classe
HTM1;F.P.H. / Agent de maîtrise
HTM2;F.P.H. / Agent de maîtrise principal
HTN1;F.P.H. / Ingénieur en chef
HTN2;F.P.H. / Ingénieur en chef hors classe
HTN3;F.P.H. / Ingénieur général
HTP1;F.P.H. / Ingénieur
HTP2;F.P.H. / Ingénieur principal
HTP3;F.P.H. / Ingénieur hors classe
HTT1;F.P.H. / Technicien
HTT2;F.P.H. / Technicien principal de 2ème classe
HTT3;F.P.H. / Technicien principal de 1ère classe
HTU1;F.P.H. / Directeur des services techniques
HTU2;F.P.H. / Directeur général des services techniques
HTX1;F.P.H. / Titulaire sur emploi spécifique, catégorie C
HTX2;F.P.H. / Titulaire sur emploi spécifique, catégorie B
HTX3;F.P.H. / Titulaire sur emploi spécifique, catégorie A
HTX4;F.P.H. / Titulaire sur emploi spécifique, catégorie A+
HTY1;F.P.H. / Titulaire à temps non complet - de 17h30, catégorie C
HTY2;F.P.H. / Titulaire à temps non complet - de 17h30, catégorie B
HTY3;F.P.H. / Titulaire à temps non complet - de 17h30, catégorie A
HTY4;F.P.H. / Titulaire à temps non complet - de 17h30, catégorie A+
MAD1;F.M.A. / Administrateur
MAD2;F.M.A. / Administrateur hors classe
MAD3;F.M.A. / Administrateur général
MAJ1;F.M.A. / Adjoint administratif
MAJ3;F.M.A. / Adjoint administratif principal de 2ème classe
MAJ4;F.M.A. / Adjoint administratif principal de 1ère classe
MAR1;F.M.A. / Rédacteur
MAR2;F.M.A. / Rédacteur principal de 2ème classe
MAR3;F.M.A. / Rédacteur principal de 1ère classe
MAS1;F.M.A. / Secrétaire de mairie
MAT1;F.M.A. / Attaché
MAT2;F.M.A. / Attaché principal
MAT3;F.M.A. / Directeur territorial
MAT4;F.M.A. / Attaché hors classe
MAU1;F.M.A. / Directeur général adjoint des services ou directeur adjoint
MAU2;F.M.A. / Directeur général des services ou directeur
MAX1;F.M.A. / Titulaire sur emploi spécifique, catégorie C
MAX2;F.M.A. / Titulaire sur emploi spécifique, catégorie B
MAX3;F.M.A. / Titulaire sur emploi spécifique, catégorie A
MAX4;F.M.A. / Titulaire sur emploi spécifique, catégorie A+
MAY1;F.M.A. / Titulaire à temps non complet - de 17h30, catégorie C
MAY2;F.M.A. / Titulaire à temps non complet - de 17h30, catégorie B
MAY3;F.M.A. / Titulaire à temps non complet - de 17h30, catégorie A
MAY4;F.M.A. / Titulaire à temps non complet - de 17h30, catégorie A+
MCA1;F.M.A. / Attaché de conservation du patrimoine
MCA2;F.M.A. / Attaché principal de conservation du patrimoine
MCB1;F.M.A. / Bibliothécaire
MCB2;F.M.A. / Bibliothécaire principal
MCD1;F.M.A. / Directeur d'établissement d'enseignement artistique de 2ème catégorie
MCD2;F.M.A. / Directeur d'établissement d'enseignement artistique de 1ère catégorie
MCG1;F.M.A. / Assistant de conservation
MCG2;F.M.A. / Assistant de conservation principal de 2ème classe
MCG3;F.M.A. / Assistant de conservation principal de 1ère classe
MCH1;F.M.A. / Conservateur
MCH2;F.M.A. / Conservateur en chef
MCJ1;F.M.A. / Adjoint territorial du patrimoine
MCJ3;F.M.A. / Adjoint territorial du patrimoine principal de 2ème classe
MCJ4;F.M.A. / Adjoint territorial du patrimoine principal de 1ère classe
MCM2;F.M.A. / Conservateur
MCM3;F.M.A. / Conservateur en chef
MCP1;F.M.A. / Professeur d'enseignement artistique de classe normale
MCP2;F.M.A. / Professeur d'enseignement artistique hors classe
MCS1;F.M.A. / Assistant d'enseignement artistique
MCS2;F.M.A. / Assistant d'enseignement artistique principal de 2ème classe
MCS3;F.M.A. / Assistant d'enseignement artistique principal de 1ère classe
MCX1;F.M.A. / Titulaire sur emploi spécifique, catégorie C
MCX2;F.M.A. / Titulaire sur emploi spécifique, catégorie B
MCX3;F.M.A. / Titulaire sur emploi spécifique, catégorie A
MCX4;F.M.A. / Titulaire sur emploi spécifique, catégorie A+
MCY1;F.M.A. / Titulaire à temps non complet - de 17h30, catégorie C
MCY2;F.M.A. / Titulaire à temps non complet - de 17h30, catégorie B
MCY3;F.M.A. / Titulaire à temps non complet - de 17h30, catégorie A
MCY4;F.M.A. / Titulaire à temps non complet - de 17h30, catégorie A+
MEB1;F.M.A. / Biologiste, vétérinaire et pharmacien de classe normale
MEB2;F.M.A. / Biologiste, vétérinaire et pharmacien hors classe
MEB3;F.M.A. / Biologiste, vétérinaire et pharmacien de classe exceptionnelle
MET1;F.M.A. / Technicien paramédical de classe normale
MET2;F.M.A. / Technicien paramédical de classe supérieure
MEX1;F.M.A. / Titulaire sur emploi spécifique, catégorie C
MEX2;F.M.A. / Titulaire sur emploi spécifique, catégorie B
MEX3;F.M.A. / Titulaire sur emploi spécifique, catégorie A
MEX4;F.M.A. / Titulaire sur emploi spécifique, catégorie A+
MEY1;F.M.A. / Titulaire à temps non complet - de 17h30, catégorie C
MEY2;F.M.A. / Titulaire à temps non complet - de 17h30, catégorie B
MEY3;F.M.A. / Titulaire à temps non complet - de 17h30, catégorie A
MEY4;F.M.A. / Titulaire à temps non complet - de 17h30, catégorie A+
MHC1;F.M.A. / Collaborateur de cabinet
MHW1;F.M.A. / Fonctionnaires ou non titulaires non classables dans une filière
MMB1;F.M.A. / Moniteur-éducateur et intervenant familial
MMB2;F.M.A. / Moniteur-éducateur et intervenant familial principal
MMD2;F.M.A. / Agent spécialisé principal de 2ème classe des écoles maternelles
MMD3;F.M.A. / Agent spécialisé principal de 1ère classe des écoles maternelles
MMM1;F.M.A. / Conseiller socio-éducatif
MMM2;F.M.A. / Conseiller supérieur socio-éducatif
MMM3;F.M.A. / Conseiller hors classe socio-éducatif
MMP1;F.M.A. / Agent social
MMP3;F.M.A. / Agent social principal de 2ème classe
MMP4;F.M.A. / Agent social principal de 1ère classe
MMT1;F.M.A. / Assistant socio-éducatif de 2nde classe
MMT2;F.M.A. / Assistant socio-éducatif de 1ère classe
MMT3;F.M.A. / Assistant socio-éducatif de classe exceptionnelle
MMX1;F.M.A. / Titulaire sur emploi spécifique, catégorie C
MMX2;F.M.A. / Titulaire sur emploi spécifique, catégorie B
MMX3;F.M.A. / Titulaire sur emploi spécifique, catégorie A
MMX4;F.M.A. / Titulaire sur emploi spécifique, catégorie A+
MMY1;F.M.A. / Titulaire à temps non complet - de 17h30, catégorie C
MMY2;F.M.A. / Titulaire à temps non complet - de 17h30, catégorie B
MMY3;F.M.A. / Titulaire à temps non complet - de 17h30, catégorie A
MMY4;F.M.A. / Titulaire à temps non complet - de 17h30, catégorie A+
MNJ1;F.M.A. / Adjoint territorial d'animation
MNJ3;F.M.A. / Adjoint territorial d'animation principal de 2ème classe
MNJ4;F.M.A. / Adjoint territorial d'animation principal de 1ère classe
MNN1;F.M.A. / Animateur
MNN2;F.M.A. / Animateur principal de 2ème classe
MNN3;F.M.A. / Animateur principal de 1ère classe
MNX1;F.M.A. / Titulaire sur emploi spécifique, catégorie C
MNX2;F.M.A. / Titulaire sur emploi spécifique, catégorie B
MNX3;F.M.A. / Titulaire sur emploi spécifique, catégorie A
MNX4;F.M.A. / Titulaire sur emploi spécifique, catégorie A+
MNY1;F.M.A. / Titulaire à temps non complet - de 17h30, catégorie C
MNY2;F.M.A. / Titulaire à temps non complet - de 17h30, catégorie B
MNY3;F.M.A. / Titulaire à temps non complet - de 17h30, catégorie A
MNY4;F.M.A. / Titulaire à temps non complet - de 17h30, catégorie A+
MOA1;F.M.A. / Cadre de santé
MOB1;F.M.A. / Infirmier en soins généraux de classe normale
MOB2;F.M.A. / Infirmier en soins généraux de classe supérieure
MOB3;F.M.A. / Infirmier en soins généraux hors classe
MOC1;F.M.A. / Puéricultrice cadre de santé
MOC2;F.M.A. / Puéricultrice cadre supérieur de santé
MOD1;F.M.A. / Médecin de 2ème classe
MOD2;F.M.A. / Médecin de 1ère classe
MOD3;F.M.A. / Médecin hors classe
MOF1;F.M.A. / Sage-femme de classe normale
MOF3;F.M.A. / Sage-femme hors classe
MOG1;F.M.A. / Cadre de santé de 2ème classe
MOG2;F.M.A. / Cadre de santé de 1ère classe
MOG3;F.M.A. / Cadre supérieur de santé
MOH1;F.M.A. / Psychologue de classe normale
MOH2;F.M.A. / Psychologue hors classe
MOJ2;F.M.A. / Auxiliaire de puériculture principal de 2ème classe
MOJ3;F.M.A. / Auxiliaire de puériculture principal de 1ère classe
MOK2;F.M.A. / Auxiliaire de soins principal de 2ème classe
MOK3;F.M.A. / Auxiliaire de soins principal de 1ère classe
MON1;F.M.A. / Infirmier de classe normale
MON2;F.M.A. / Infirmier de classe supérieure
MOP1;F.M.A. / Puéricultrice de classe normale
MOP2;F.M.A. / Puéricultrice de classe supérieure
MOU1;F.M.A. / Puéricultrice de classe normale
MOU2;F.M.A. / Puéricultrice de classe supérieure
MOU3;F.M.A. / Puéricultrice hors classe
MOX1;F.M.A. / Titulaire sur emploi spécifique, catégorie C
MOX2;F.M.A. / Titulaire sur emploi spécifique, catégorie B
MOX3;F.M.A. / Titulaire sur emploi spécifique, catégorie A
MOX4;F.M.A. / Titulaire sur emploi spécifique, catégorie A+
MOY1;F.M.A. / Titulaire à temps non complet - de 17h30, catégorie C
MOY2;F.M.A. / Titulaire à temps non complet - de 17h30, catégorie B
MOY3;F.M.A. / Titulaire à temps non complet - de 17h30, catégorie A
MOY4;F.M.A. / Titulaire à temps non complet - de 17h30, catégorie A+
MPC1;F.M.A. / Chef de service de police municipale
MPC2;F.M.A. / Chef de service de police municipale principal de 2ème classe
MPC3;F.M.A. / Chef de service de police municipale principal de 1ère classe
MPG1;F.M.A. / Gardien-brigadier
MPG3;F.M.A. / Brigadier-chef principal
MPG4;F.M.A. / Chef de police municipale
MPH2;F.M.A. / Garde-champêtre chef
MPH3;F.M.A. / Garde-champêtre chef principal
MPU1;F.M.A. / Directeur de police municipale
MPU2;F.M.A. / Directeur principal de police municipale
MPX1;F.M.A. / Titulaire sur emploi spécifique, catégorie C
MPX2;F.M.A. / Titulaire sur emploi spécifique, catégorie B
MPX3;F.M.A. / Titulaire sur emploi spécifique, catégorie A
MPX4;F.M.A. / Titulaire sur emploi spécifique, catégorie A+
MPY1;F.M.A. / Titulaire à temps non complet - de 17h30, catégorie C
MPY2;F.M.A. / Titulaire à temps non complet - de 17h30, catégorie B
MPY3;F.M.A. / Titulaire à temps non complet - de 17h30, catégorie A
MPY4;F.M.A. / Titulaire à temps non complet - de 17h30, catégorie A+
MRB1;F.M.A. / Directeur départemental adjoint des services d'incendie et de secours
MRB2;F.M.A. / Directeur départemental des services d'incendie et de secours
MRC1;F.M.A. / Capitaine
MRC2;F.M.A. / Commandant
MRC3;F.M.A. / Lieutenant-colonel
MRD2;F.M.A. / Médecin et pharmacien de classe normale
MRD3;F.M.A. / Médecin et pharmacien hors classe
MRD4;F.M.A. / Médecin et pharmacien de classe exceptionnelle
MRF1;F.M.A. / Cadre de santé de sapeurs-pompiers professionnels de 2ème classe
MRF2;F.M.A. / Cadre de santé de sapeur- pompiers professionnels de 1ere classe
MRF3;F.M.A. / Cadre supérieur de santé de sapeurs pompiers professionnels
MRG1;F.M.A. / Infirmier de classe normale
MRG2;F.M.A. / Infirmier de classe supérieure
MRG3;F.M.A. / Infirmier hors classe
MRH1;F.M.A. / Colonel
MRH2;F.M.A. / Colonel hors classe
MRH3;F.M.A. / Contrôleur général
MRL1;F.M.A. / Lieutenant de 2e classe
MRL2;F.M.A. / Lieutenant de 1re classe
MRL3;F.M.A. / Lieutenant hors classe
MRS1;F.M.A. / Sergent
MRS2;F.M.A. / Adjudant
MRU2;F.M.A. / Sapeur
MRU3;F.M.A. / Caporal
MRU4;F.M.A. / Caporal-chef
MRX1;F.M.A. / Titulaire sur emploi spécifique, catégorie C
MRX2;F.M.A. / Titulaire sur emploi spécifique, catégorie B
MRX3;F.M.A. / Titulaire sur emploi spécifique, catégorie A
MRX4;F.M.A. / Titulaire sur emploi spécifique, catégorie A+
MRY1;F.M.A. / Titulaire à temps non complet - de 17h30, catégorie C
MRY2;F.M.A. / Titulaire à temps non complet - de 17h30, catégorie B
MRY3;F.M.A. / Titulaire à temps non complet - de 17h30, catégorie A
MRY4;F.M.A. / Titulaire à temps non complet - de 17h30, catégorie A+
MSC1;F.M.A. / Conseiller
MSC2;F.M.A. / Conseiller principal
MSE1;F.M.A. / Educateur
MSE2;F.M.A. / Educateur principal de 2ème classe
MSE3;F.M.A. / Educateur principal de 1ère classe
MSP2;F.M.A. / Opérateur
MSP3;F.M.A. / Opérateur qualifié
MSP4;F.M.A. / Opérateur principal
MSX1;F.M.A. / Titulaire sur emploi spécifique, catégorie C
MSX2;F.M.A. / Titulaire sur emploi spécifique, catégorie B
MSX3;F.M.A. / Titulaire sur emploi spécifique, catégorie A
MSX4;F.M.A. / Titulaire sur emploi spécifique, catégorie A+
MSY1;F.M.A. / Titulaire à temps non complet - de 17h30, catégorie C
MSY2;F.M.A. / Titulaire à temps non complet - de 17h30, catégorie B
MSY3;F.M.A. / Titulaire à temps non complet - de 17h30, catégorie A
MSY4;F.M.A. / Titulaire à temps non complet - de 17h30, catégorie A+
MTA2;F.M.A. / Adjoint technique
MTA3;F.M.A. / Adjoint technique principal de 2ème classe
MTA4;F.M.A. / Adjoint technique principal de 1ère classe
MTH1;F.M.A. / Adjoint technique
MTH3;F.M.A. / Adjoint technique principal de 2ème classe
MTH4;F.M.A. / Adjoint technique principal de 1ère classe
MTM1;F.M.A. / Agent de maîtrise
MTM2;F.M.A. / Agent de maîtrise principal
MTN1;F.M.A. / Ingénieur en chef
MTN2;F.M.A. / Ingénieur en chef hors classe
MTN3;F.M.A. / Ingénieur général
MTP1;F.M.A. / Ingénieur
MTP2;F.M.A. / Ingénieur principal
MTP3;F.M.A. / Ingénieur hors classe
MTT1;F.M.A. / Technicien
MTT2;F.M.A. / Technicien principal de 2ème classe
MTT3;F.M.A. / Technicien principal de 1ère classe
MTU1;F.M.A. / Directeur des services techniques
MTU2;F.M.A. / Directeur général des services techniques
MTX1;F.M.A. / Titulaire sur emploi spécifique, catégorie C
MTX2;F.M.A. / Titulaire sur emploi spécifique, catégorie B
MTX3;F.M.A. / Titulaire sur emploi spécifique, catégorie A
MTX4;F.M.A. / Titulaire sur emploi spécifique, catégorie A+
MTY1;F.M.A. / Titulaire à temps non complet - de 17h30, catégorie C
MTY2;F.M.A. / Titulaire à temps non complet - de 17h30, catégorie B
MTY3;F.M.A. / Titulaire à temps non complet - de 17h30, catégorie A
MTY4;F.M.A. / Titulaire à temps non complet - de 17h30, catégorie A+
NAX2;AUTRES / Agent sur contrat unique d'insertion CUI-CAE ou parcours emploi compétences (administratif) non compris le contrat emploi d'avenir
NAX3;AUTRES / Agent sur contrat emploi d'avenir (administratif)
NAX4;AUTRES / Agent sur P.A.C.T.E. (administratif)
NAX5;AUTRES / Agent sur contrat du parcours contractualisé d'accompagnement vers l'emploi et l'autonomie (PACEA)
NCX2;AUTRES / Agent sur contrat unique d'insertion CUI-CAE ou parcours emploi compétences (culturel) non compris le contrat emploi d'avenir
NCX3;AUTRES / Agent sur contrat emploi d'avenir (culturel)
NCX4;AUTRES / Agent sur P.A.C.T.E. (culturel)
NCX5;AUTRES / Agent sur contrat du parcours contractualisé d'accompagnement vers l'emploi et l'autonomie (PACEA) (culturel)
NEX2;AUTRES / Agent sur contrat unique d'insertion CUI-CAE ou parcours emploi compétences (médico-technique) non compris le contrat emploi d'avenir
NEX3;AUTRES / Agent sur contrat emploi d'avenir (médico-technique)
NEX4;AUTRES / Agent sur P.A.C.T.E. (médico-technique)
NEX5;AUTRES / Agent sur contrat du parcours contractualisé d'accompagnement vers l'emploi et l'autonomie (PACEA) (médico-technique)
NHX2;AUTRES / Agent sur contrat unique d'insertion CUI-CAE ou parcours emploi compétences (hors filière) non compris le contrat emploi d'avenir
NHX3;AUTRES / Agent sur contrat emploi d'avenir (hors filière)
NHX4;AUTRES / Agent sur P.A.C.T.E. (hors filière)
NHX5;AUTRES / Agent sur contrat du parcours contractualisé d'accompagnement vers l'emploi et l'autonomie (PACEA) (hors filière)
NMX2;AUTRES / Agent sur contrat unique d'insertion CUI-CAE ou parcours emploi compétences (social) non compris le contrat emploi d'avenir
NMX3;AUTRES / Agent sur contrat emploi d'avenir (social)
NMX4;AUTRES / Agent sur P.A.C.T.E. (social)
NMX5;AUTRES / Agent sur contrat du parcours contractualisé d'accompagnement vers l'emploi et l'autonomie (PACEA) (social)
NNX2;AUTRES / Agent sur contrat unique d'insertion CUI-CAE ou parcours emploi compétences (animation) non compris le contrat emploi d'avenir
NNX3;AUTRES / Agent sur contrat emploi d'avenir (animation)
NNX4;AUTRES / Agent sur P.A.C.T.E. (animation)
NNX5;AUTRES / Agent sur contrat du parcours contractualisé d'accompagnement vers l'emploi et l'autonomie (PACEA) (animation)
NOX2;AUTRES / Agent sur contrat unique d'insertion CUI-CAE ou parcours emploi compétences (médico-social) non compris le contrat emploi d'avenir
NOX3;AUTRES / Agent sur contrat emploi d'avenir (médico-social)
NOX4;AUTRES / Agent sur P.A.C.T.E. (médico-social)
NOX5;AUTRES / Agent sur contrat du parcours contractualisé d'accompagnement vers l'emploi et l'autonomie (PACEA) (médico-social)
NPX2;AUTRES / Agent sur contrat unique d'insertion CUI-CAE ou parcours emploi compétences (sécurité) non compris le contrat emploi d'avenir
NPX3;AUTRES / Agent sur contrat emploi d'avenir (sécurité)
NPX4;AUTRES / Agent sur P.A.C.T.E. (sécurité)
NPX5;AUTRES / Agent sur contrat du parcours contractualisé d'accompagnement vers l'emploi et l'autonomie (PACEA) (sécurité)
NRX2;AUTRES / Agent sur contrat unique d'insertion CUI-CAE ou parcours emploi compétences (incendie-secours) non compris le contrat emploi d'avenir
NRX3;AUTRES / Agent sur contrat emploi d'avenir (incendie-secours)
NRX4;AUTRES / Agent sur P.A.C.T.E. (incendie-secours)
NRX5;AUTRES / Agent sur contrat du parcours contractualisé d'accompagnement vers l'emploi et l'autonomie (PACEA) (incendie-secours)
NSX2;AUTRES / Agent sur contrat unique d'insertion-CUI-CAE ou parcours emploi compétences (sportif) non compris le contrat emploi d'avenir
NSX3;AUTRES / Agent sur contrat emploi d'avenir (sportif)
NSX4;AUTRES / Agent sur P.A.C.T.E. (sportif)
NSX5;AUTRES / Agent sur contrat du parcours contractualisé d'accompagnement vers l'emploi et l'autonomie (PACEA) (culturel)
NTX2;AUTRES / Agent sur contrat unique d'insertion CUI-CAE ou parcours emploi compétences (technique) non compris le contrat emploi d'avenir
NTX3;AUTRES / Agent sur contrat emploi d'avenir (technique)
NTX4;AUTRES / Agent sur P.A.C.T.E. (technique)
NTX5;AUTRES / Agent sur contrat du parcours contractualisé d'accompagnement vers l'emploi et l'autonomie (PACEA) (technique)
SAD1;STAG. / Administrateur stagiaire
SAJ1;STAG. / Adjoint administratif stagiaire
SAJ3;STAG. / Adjoint administratif principal de 2ème classe stagiaire
SAR1;STAG. / Rédacteur stagiaire
SAR2;STAG. / Rédacteur principal de 2ème classe stagiaire
SAT1;STAG. / Attaché stagiaire
SCA1;STAG. / Attaché de conservation du patrimoine stagiaire
SCB1;STAG. / Bibliothécaire stagiaire
SCD1;STAG. / Directeur d'établissement d'enseignement artistique de 2ème catégorie stagiaire
SCD2;STAG. / Directeur d'établissement d'enseignement artistique de 1ère catégorie stagiaire
SCG1;STAG. / Assistant de conservation stagiaire
SCG2;STAG. / Assistant de conservation principal de 2ème classe stagiaire
SCH1;STAG. / Conservateur stagiaire
SCJ1;STAG. / Adjoint territorial du patrimoine stagiaire
SCJ3;STAG. / Adjoint territorial du patrimoine principal de 2ème classe stagiaire
SCM1;STAG. / Conservateur stagiaire
SCP1;STAG. / Professeur d'enseignement artistique stagiaire
SCS1;STAG. / Assistant d'enseignement artistique stagiaire
SCS2;STAG. / Assistant d'enseignement artistique principal de 2ème classe stagiaire
SEB1;STAG. / Biologiste, vétérinaire et pharmacien de classe normale stagiaire
SET1;STAG. / Technicien paramédical de classe normale stagiaire
SMB1;STAG. / Moniteur-éducateur et intervenant familial stagiaire
SMD2;STAG. / Agent spécialisé principal de 2ème classe des écoles maternelles stagiaire
SME1;STAG. / Educateur de jeunes enfants de 2nde classe stagiaire
SMM1;STAG. / Conseiller socio-éducatif stagiaire
SMP1;STAG. / Agent social stagiaire
SMP3;STAG. / Agent social principal de 2ème classe stagiaire
SMT1;STAG. / Assistant socio-éducatif de 2nde classe stagiaire
SNJ1;STAG. / Adjoint territorial d'animation stagiaire
SNJ3;STAG. / Adjoint territorial d'animation principal de 2ème classe stagiaire
SNN1;STAG. / Animateur stagiaire
SNN2;STAG. / Animateur principal de 2ème classe stagiaire
SOB1;STAG. / Infirmier en soins généraux de classe normale stagiaire
SOD1;STAG. / Médecin de 2ème classe stagiaire
SOF1;STAG. / Sage-femme de classe normale stagiaire
SOG1;STAG. / Cadre de santé de 2ème classe stagiaire
SOH1;STAG. / Psychologue de classe normale stagiaire
SOJ2;STAG. / Auxiliaire de puériculture principal de 2ème classe stagiaire
SOK2;STAG. / Auxiliaire de soins principal de 2ème classe stagiaire
SOU1;STAG. / Puéricultrice de classe normale stagiaire
SPC1;STAG. / Chef de service de police municipale stagiaire
SPG1;STAG. / Gardien-brigadier-stagiaire
SPH2;STAG. / Garde-champêtre chef stagiaire
SPU1;STAG. / Directeur de police municipale stagiaire
SRC1;STAG. / Capitaine stagiaire
SRD2;STAG. / Médecin et pharmacien de classe normale stagiaire
SRF1;STAG. / Cadre de santé de sapeurs-pompiers professionnels de 2ème classe stagiaire
SRG1;STAG. / Infirmier de classe normale stagiaire
SRH1;STAG. / Colonel stagiaire
SRL1;STAG. / Lieutenant de 2e classe stagiaire
SRL2;STAG. / Lieutenant de 1re classe stagiaire
SRS1;STAG. / Sergent stagiaire
SRU2;STAG. / Sapeur stagiaire
SRU3;STAG. / Caporal stagiaire
SSC1;STAG. / Conseiller stagiaire
SSE1;STAG. / Educateur stagiaire
SSE2;STAG. / Educateur principal stagiaire de 2ème classe
SSP3;STAG. / Opérateur qualifié stagiaire
STA2;STAG. / Adjoint technique stagiaire
STA3;STAG. / Adjoint technique principal de 2ème classe stagiaire
STH1;STAG. / Adjoint technique stagiaire
STH3;STAG. / Adjoint technique principal de 2ème classe stagiaire
STM1;STAG. / Agent de maîtrise stagiaire
STN1;STAG. / Ingénieur en chef stagiaire
STP1;STAG. / Ingénieur stagiaire
STT1;STAG. / Technicien stagiaire
STT2;STAG. / Technicien principal de 2ème classe stagiaire
TAD1;F.P.T. / Administrateur
TAD2;F.P.T. / Administrateur hors classe
TAD3;F.P.T. / Administrateur général
TAJ1;F.P.T. / Adjoint administratif
TAJ3;F.P.T. / Adjoint administratif principal de 2ème classe
TAJ4;F.P.T. / Adjoint administratif principal de 1ère classe
TAR1;F.P.T. / Rédacteur
TAR2;F.P.T. / Rédacteur principal de 2ème classe
TAR3;F.P.T. / Rédacteur principal de 1ère classe
TAS1;F.P.T. / Secrétaire de mairie
TAT1;F.P.T. / Attaché
TAT2;F.P.T. / Attaché principal
TAT3;F.P.T. / Directeur territorial
TAT4;F.P.T. / Attaché hors classe
TAU1;F.P.T. / Directeur général adjoint des services ou directeur adjoint
TAU2;F.P.T. / Directeur général des services ou directeur
TAX1;F.P.T. / Titulaire sur emploi spécifique, catégorie C
TAX2;F.P.T. / Titulaire sur emploi spécifique, catégorie B
TAX3;F.P.T. / Titulaire sur emploi spécifique, catégorie A
TAX4;F.P.T. / Titulaire sur emploi spécifique, catégorie A+
TAY1;F.P.T. / Titulaire à temps non complet - de 17h30, catégorie C
TAY2;F.P.T. / Titulaire à temps non complet - de 17h30, catégorie B
TAY3;F.P.T. / Titulaire à temps non complet - de 17h30, catégorie A
TAY4;F.P.T. / Titulaire à temps non complet - de 17h30, catégorie A+
TCA1;F.P.T. / Attaché de conservation du patrimoine
TCA2;F.P.T. / Attaché principal de conservation du patrimoine
TCB1;F.P.T. / Bibliothécaire
TCB2;F.P.T. / Bibliothécaire principal
TCD1;F.P.T. / Directeur d'établissement d'enseignement artistique de 2ème catégorie
TCD2;F.P.T. / Directeur d'établissement d'enseignement artistique de 1ère catégorie
TCG1;F.P.T. / Assistant de conservation
TCG2;F.P.T. / Assistant de conservation principal de 2ème classe
TCG3;F.P.T. / Assistant de conservation principal de 1ère classe
TCH1;F.P.T. / Conservateur
TCH2;F.P.T. / Conservateur en chef
TCJ1;F.P.T. / Adjoint territorial du patrimoine
TCJ3;F.P.T. / Adjoint territorial du patrimoine principal de 2ème classe
TCJ4;F.P.T. / Adjoint territorial du patrimoine principal de 1ère classe
TCM2;F.P.T. / Conservateur
TCM3;F.P.T. / Conservateur en chef
TCP1;F.P.T. / Professeur d'enseignement artistique de classe normale
TCP2;F.P.T. / Professeur d'enseignement artistique hors classe
TCS1;F.P.T. / Assistant d'enseignement artistique
TCS2;F.P.T. / Assistant d'enseignement artistique principal de 2ème classe
TCS3;F.P.T. / Assistant d'enseignement artistique principal de 1ère classe
TCX1;F.P.T. / Titulaire sur emploi spécifique, catégorie C
TCX2;F.P.T. / Titulaire sur emploi spécifique, catégorie B
TCX3;F.P.T. / Titulaire sur emploi spécifique, catégorie A
TCX4;F.P.T. / Titulaire sur emploi spécifique, catégorie A+
TCY1;F.P.T. / Titulaire à temps non complet - de 17h30, catégorie C
TCY2;F.P.T. / Titulaire à temps non complet - de 17h30, catégorie B
TCY3;F.P.T. / Titulaire à temps non complet - de 17h30, catégorie A
TCY4;F.P.T. / Titulaire à temps non complet - de 17h30, catégorie A+
TEB1;F.P.T. / Biologiste, vétérinaire et pharmacien de classe normale
TEB2;F.P.T. / Biologiste, vétérinaire et pharmacien hors classe
TEB3;F.P.T. / Biologiste, vétérinaire et pharmacien de classe exceptionnelle
TET1;F.P.T. / Technicien paramédical de classe normale
TET2;F.P.T. / Technicien paramédical de classe supérieure
TEX1;F.P.T. / Titulaire sur emploi spécifique, catégorie C
TEX2;F.P.T. / Titulaire sur emploi spécifique, catégorie B
TEX3;F.P.T. / Titulaire sur emploi spécifique, catégorie A
TEX4;F.P.T. / Titulaire sur emploi spécifique, catégorie A+
TEY1;F.P.T. / Titulaire à temps non complet - de 17h30, catégorie C
TEY2;F.P.T. / Titulaire à temps non complet - de 17h30, catégorie B
TEY3;F.P.T. / Titulaire à temps non complet - de 17h30, catégorie A
TEY4;F.P.T. / Titulaire à temps non complet - de 17h30, catégorie A+
THC1;F.P.T. / Collaborateur de cabinet
THW1;F.P.T. / Fonctionnaires ou non titulaires non classables dans une filière
TMB1;F.P.T. / Moniteur-éducateur et intervenant familial
TMB2;F.P.T. / Moniteur-éducateur et intervenant familial principal
TMD2;F.P.T. / Agent spécialisé principal de 2ème classe des écoles maternelles
TMD3;F.P.T. / Agent spécialisé principal de 1ère classe des écoles maternelles
TME1;F.P.T. / Educateurs de jeunes enfants de 2nde classe
TME2;F.P.T. / Educateur de jeunes enfants de 1ère classe
TME3;F.P.T. / Educateur de jeunes enfants de classe exceptionnelle
TMM1;F.P.T. / Conseiller socio-éducatif
TMM2;F.P.T. / Conseiller supérieur socio-éducatif
TMM3;F.P.T. / Conseiller hors classe socio-éducatif
TMP1;F.P.T. / Agent social
TMP3;F.P.T. / Agent social principal de 2ème classe
TMP4;F.P.T. / Agent social principal de 1ère classe
TMT1;F.P.T. / Assistant socio-éducatif de 2nde classe
TMT2;F.P.T. / Assistant socio-éducatif de 1ère classe
TMT3;F.P.T. / Assistant socio-éducatif de classe exceptionnelle
TMX1;F.P.T. / Titulaire sur emploi spécifique, catégorie C
TMX2;F.P.T. / Titulaire sur emploi spécifique, catégorie B
TMX3;F.P.T. / Titulaire sur emploi spécifique, catégorie A
TMX4;F.P.T. / Titulaire sur emploi spécifique, catégorie A+
TMY1;F.P.T. / Titulaire à temps non complet - de 17h30, catégorie C
TMY2;F.P.T. / Titulaire à temps non complet - de 17h30, catégorie B
TMY3;F.P.T. / Titulaire à temps non complet - de 17h30, catégorie A
TMY4;F.P.T. / Titulaire à temps non complet - de 17h30, catégorie A+
TNJ1;F.P.T. / Adjoint territorial d'animation
TNJ3;F.P.T. / Adjoint territorial d'animation principal de 2ème classe
TNJ4;F.P.T. / Adjoint territorial d'animation principal de 1ère classe
TNN1;F.P.T. / Animateur
TNN2;F.P.T. / Animateur principal de 2ème classe
TNN3;F.P.T. / Animateur principal de 1ère classe
TNX1;F.P.T. / Titulaire sur emploi spécifique, catégorie C
TNX2;F.P.T. / Titulaire sur emploi spécifique, catégorie B
TNX3;F.P.T. / Titulaire sur emploi spécifique, catégorie A
TNX4;F.P.T. / Titulaire sur emploi spécifique, catégorie A+
TNY1;F.P.T. / Titulaire à temps non complet - de 17h30, catégorie C
TNY2;F.P.T. / Titulaire à temps non complet - de 17h30, catégorie B
TNY3;F.P.T. / Titulaire à temps non complet - de 17h30, catégorie A
TNY4;F.P.T. / Titulaire à temps non complet - de 17h30, catégorie A+
TOA1;F.P.T. / Cadre de santé
TOB1;F.P.T. / Infirmier en soins généraux de classe normale
TOB2;F.P.T. / Infirmier en soins généraux de classe supérieure
TOB3;F.P.T. / Infirmier en soins généraux hors classe
TOC1;F.P.T. / Puéricultrice cadre de santé
TOC2;F.P.T. / Puéricultrice cadre supérieur de santé
TOD1;F.P.T. / Médecin de 2ème classe
TOD2;F.P.T. / Médecin de 1ère classe
TOD3;F.P.T. / Médecin hors classe
TOF1;F.P.T. / Sage-femme de classe normale
TOF3;F.P.T. / Sage-femme hors classe
TOG1;F.P.T. / Cadre de santé de 2ème classe
TOG2;F.P.T. / Cadre de santé de 1ère classe
TOG3;F.P.T. / Cadre supérieur de santé
TOH1;F.P.T. / Psychologue de classe normale
TOH2;F.P.T. / Psychologue hors classe
TOJ2;F.P.T. / Auxiliaire de puériculture principal de 2ème classe
TOJ3;F.P.T. / Auxiliaire de puériculture principal de 1ère classe
TOK2;F.P.T. / Auxiliaire de soins principal de 2ème classe
TOK3;F.P.T. / Auxiliaire de soins principal de 1ère classe
TON1;F.P.T. / Infirmier de classe normale
TON2;F.P.T. / Infirmier de classe supérieure
TOP1;F.P.T. / Puéricultrice de classe normale
TOP2;F.P.T. / Puéricultrice de classe supérieure
TOU1;F.P.T. / Puéricultrice de classe normale
TOU2;F.P.T. / Puéricultrice de classe supérieure
TOU3;F.P.T. / Puéricultrice hors classe
TOX1;F.P.T. / Titulaire sur emploi spécifique, catégorie C
TOX2;F.P.T. / Titulaire sur emploi spécifique, catégorie B
TOX3;F.P.T. / Titulaire sur emploi spécifique, catégorie A
TOX4;F.P.T. / Titulaire sur emploi spécifique, catégorie A+
TOY1;F.P.T. / Titulaire à temps non complet - de 17h30, catégorie C
TOY2;F.P.T. / Titulaire à temps non complet - de 17h30, catégorie B
TOY3;F.P.T. / Titulaire à temps non complet - de 17h30, catégorie A
TOY4;F.P.T. / Titulaire à temps non complet - de 17h30, catégorie A+
TPC1;F.P.T. / Chef de service de police municipale
TPC2;F.P.T. / Chef de service de police municipale principal de 2ème classe
TPC3;F.P.T. / Chef de service de police municipale principal de 1ère classe
TPG1;F.P.T. / Gardien-brigadier
TPG3;F.P.T. / Brigadier-chef principal
TPG4;F.P.T. / Chef de police municipale
TPH2;F.P.T. / Garde-champêtre chef
TPH3;F.P.T. / Garde-champêtre chef principal
TPU1;F.P.T. / Directeur de police municipale
TPU2;F.P.T. / Directeur principal de police municipale
TPX1;F.P.T. / Titulaire sur emploi spécifique, catégorie C
TPX2;F.P.T. / Titulaire sur emploi spécifique, catégorie B
TPX3;F.P.T. / Titulaire sur emploi spécifique, catégorie A
TPX4;F.P.T. / Titulaire sur emploi spécifique, catégorie A+
TPY1;F.P.T. / Titulaire à temps non complet - de 17h30, catégorie C
TPY2;F.P.T. / Titulaire à temps non complet - de 17h30, catégorie B
TPY3;F.P.T. / Titulaire à temps non complet - de 17h30, catégorie A
TPY4;F.P.T. / Titulaire à temps non complet - de 17h30, catégorie A+
TRB1;F.P.T. / Directeur départemental adjoint des services d'incendie et de secours
TRB2;F.P.T. / Directeur départemental des services d'incendie et de secours
TRC1;F.P.T. / Capitaine
TRC2;F.P.T. / Commandant
TRC3;F.P.T. / Lieutenant-colonel
TRD2;F.P.T. / Médecin et pharmacien de classe normale
TRD3;F.P.T. / Médecin et pharmacien hors classe
TRD4;F.P.T. / Médecin et pharmacien de classe exceptionnelle
TRF1;F.P.T. / Cadre de santé de sapeurs-pompiers professionnels de 2ème classe
TRF2;F.P.T. / Cadre de santé de sapeur- pompiers professionnels de 1ere classe
TRF3;F.P.T. / Cadre supérieur de santé de sapeurs pompiers professionnels
TRG1;F.P.T. / Infirmier de classe normale
TRG2;F.P.T. / Infirmier de classe supérieure
TRG3;F.P.T. / Infirmier hors classe
TRH1;F.P.T. / Colonel
TRH2;F.P.T. / Colonel hors classe
TRH3;F.P.T. / Contrôleur général
TRL1;F.P.T. / Lieutenant de 2e classe
TRL2;F.P.T. / Lieutenant de 1re classe
TRL3;F.P.T. / Lieutenant hors classe
TRS1;F.P.T. / Sergent
TRS2;F.P.T. / Adjudant
TRU2;F.P.T. / Sapeur
TRU3;F.P.T. / Caporal
TRU4;F.P.T. / Caporal-chef
TRX1;F.P.T. / Titulaire sur emploi spécifique, catégorie C
TRX2;F.P.T. / Titulaire sur emploi spécifique, catégorie B
TRX3;F.P.T. / Titulaire sur emploi spécifique, catégorie A
TRX4;F.P.T. / Titulaire sur emploi spécifique, catégorie A+
TRY1;F.P.T. / Titulaire à temps non complet - de 17h30, catégorie C
TRY2;F.P.T. / Titulaire à temps non complet - de 17h30, catégorie B
TRY3;F.P.T. / Titulaire à temps non complet - de 17h30, catégorie A
TRY4;F.P.T. / Titulaire à temps non complet - de 17h30, catégorie A+
TSC1;F.P.T. / Conseiller
TSC2;F.P.T. / Conseiller principal
TSE1;F.P.T. / Educateur
TSE2;F.P.T. / Educateur principal de 2ème classe
TSE3;F.P.T. / Educateur principal de 1ère classe
TSP2;F.P.T. / Opérateur
TSP3;F.P.T. / Opérateur qualifié
TSP4;F.P.T. / Opérateur principal
TSX1;F.P.T. / Titulaire sur emploi spécifique, catégorie C
TSX2;F.P.T. / Titulaire sur emploi spécifique, catégorie B
TSX3;F.P.T. / Titulaire sur emploi spécifique, catégorie A
TSX4;F.P.T. / Titulaire sur emploi spécifique, catégorie A+
TSY1;F.P.T. / Titulaire à temps non complet - de 17h30, catégorie C
TSY2;F.P.T. / Titulaire à temps non complet - de 17h30, catégorie B
TSY3;F.P.T. / Titulaire à temps non complet - de 17h30, catégorie A
TSY4;F.P.T. / Titulaire à temps non complet - de 17h30, catégorie A+
TTA2;F.P.T. / Adjoint technique
TTA3;F.P.T. / Adjoint technique principal de 2ème classe
TTA4;F.P.T. / Adjoint technique principal de 1ère classe
TTH1;F.P.T. / Adjoint technique
TTH3;F.P.T. / Adjoint technique principal de 2ème classe
TTH4;F.P.T. / Adjoint technique principal de 1ère classe
TTM1;F.P.T. / Agent de maîtrise
TTM2;F.P.T. / Agent de maîtrise principal
TTN1;F.P.T. / Ingénieur en chef
TTN2;F.P.T. / Ingénieur en chef hors classe
TTN3;F.P.T. / Ingénieur général
TTP1;F.P.T. / Ingénieur
TTP2;F.P.T. / Ingénieur principal
TTP3;F.P.T. / Ingénieur hors classe
TTT1;F.P.T. / Technicien
TTT2;F.P.T. / Technicien principal de 2ème classe
TTT3;F.P.T. / Technicien principal de 1ère classe
TTU1;F.P.T. / Directeur des services techniques
TTU2;F.P.T. / Directeur général des services techniques
TTX1;F.P.T. / Titulaire sur emploi spécifique, catégorie C
TTX2;F.P.T. / Titulaire sur emploi spécifique, catégorie B
TTX3;F.P.T. / Titulaire sur emploi spécifique, catégorie A
TTX4;F.P.T. / Titulaire sur emploi spécifique, catégorie A+
TTY1;F.P.T. / Titulaire à temps non complet - de 17h30, catégorie C
TTY2;F.P.T. / Titulaire à temps non complet - de 17h30, catégorie B
TTY3;F.P.T. / Titulaire à temps non complet - de 17h30, catégorie A
TTY4;F.P.T. / Titulaire à temps non complet - de 17h30, catégorie A+
XAX1;AUTRES / Agent sur emploi à statut inconnu (administratif)
XCX1;AUTRES / Agent sur emploi à statut inconnu (culturel)
XEX1;AUTRES / Agent sur emploi à statut inconnu (médico-technique)
XHX1;AUTRES / Agent sur emploi à statut inconnu (hors filière)
XMX1;AUTRES / Agent sur emploi à statut inconnu (social)
XNX1;AUTRES / Agent sur emploi à statut inconnu (animation)
XOX1;AUTRES / Agent sur emploi à statut inconnu (médico-social)
XPX1;AUTRES / Agent sur emploi à statut inconnu (sécurité)
XRX1;AUTRES / Agent sur emploi à statut inconnu (incendie-secours)
XSX1;AUTRES / Agent sur emploi à statut inconnu (sportif)
XTX1;AUTRES / Agent sur emploi à statut inconnu (technique)
YYX1;AUTRES / Apprenti
YYX2;AUTRES / Elu
YYX3;AUTRES / Agent en congé de fin d'activité, retraités du cadre local
YYX4;AUTRES / Agent exerçant des activités accessoires autorisées par la réglementation sur le cumul d'emploi
YYX9;AUTRES / Autre (non classable dans les rubriques précédentes)